[
    {
        "id": "1",
        "type": "html",
        "url": "./htmlSnippets/amd1/amd1.html",
        "js": "./htmlSnippets/amd1/amd1.js",
        "gridstack": {
            "x": 0,
            "y": 0,
            "width": 3,
            "height": 3
        }
    },
    {
        "id": "2",
        "type": "html",
        "url": "./htmlSnippets/amd2/amd2.html",
        "js": "./htmlSnippets/amd2/amd2.js",
        "gridstack": {
            "x": 3,
            "y": 0,
            "width": 3,
            "height": 3
        }
    },
    {
        "id": "3",
        "type": "html",
        "url": "./htmlSnippets/amd3/amd3.html",
        "js": "./htmlSnippets/amd3/amd3.js",
        "gridstack": {
            "x": 6,
            "y": 0,
            "width": 3,
            "height": 3
        }
    },
    {
        "id": "4",
        "type": "html",
        "url": "./htmlSnippets/amd4/amd4.html",
        "js": "./htmlSnippets/amd4/amd4.js",
        "gridstack": {
            "x": 9,
            "y": 0,
            "width": 3,
            "height": 3
        }
    },
    {
        "id": "5",
        "type": "html",
        "url": "./htmlSnippets/cmd1/cmd1.html",
        "js": "./htmlSnippets/cmd1/cmd1.js",
        "gridstack": {
            "x": 0,
            "y": 3,
            "width": 3,
            "height": 3
        }
    },
    {
        "id": "6",
        "type": "html",
        "url": "./htmlSnippets/cjs1/cjs1.html",
        "js": "./htmlSnippets/cjs1/cjs1.js",
        "gridstack": {
            "x": 3,
            "y": 3,
            "width": 3,
            "height": 3
        }
    },
    {
        "id": "7",
        "type": "html",
        "url": "./htmlSnippets/cjs2/cjs2.html",
        "js": "./htmlSnippets/cjs2/cjs2.js",
        "gridstack": {
            "x": 6,
            "y": 3,
            "width": 3,
            "height": 3
        }
    },
    {
        "id": "8",
        "type": "html",
        "url": "./htmlSnippets/cjs3/cjs3.html",
        "js": "./htmlSnippets/cjs3/cjs3.js",
        "gridstack": {
            "x": 9,
            "y": 3,
            "width": 3,
            "height": 3
        }
    },
    {
        "id": "9",
        "type": "html",
        "url": "./htmlSnippets/cjs4/cjs4.html",
        "js": "./htmlSnippets/cjs4/cjs4.js",
        "gridstack": {
            "x": 0,
            "y": 6,
            "width": 3,
            "height": 3
        }
    },
    {
        "id": "10",
        "type": "html",
        "url": "./htmlSnippets/cjs5/cjs5.html",
        "js": "./htmlSnippets/cjs5/cjs5.js",
        "gridstack": {
            "x": 3,
            "y": 6,
            "width": 3,
            "height": 3
        }
    },
    {
        "id": "11",
        "type": "html",
        "url": "./htmlSnippets/cjs6/cjs6.html",
        "js": "./htmlSnippets/cjs6/cjs6.js",
        "gridstack": {
            "x": 6,
            "y": 6,
            "width": 3,
            "height": 3
        }
    },
    {
        "id": "12",
        "type": "html",
        "url": "./htmlSnippets/cjs7/cjs7.html",
        "js": "./htmlSnippets/cjs7/cjs7.js",
        "gridstack": {
            "x": 9,
            "y": 6,
            "width": 3,
            "height": 3
        }
    },
    {
        "id": "13",
        "type": "html",
        "url": "./htmlSnippets/cjs8/cjs8.html",
        "js": "./htmlSnippets/cjs8/cjs8.js",
        "gridstack": {
            "x": 0,
            "y": 9,
            "width": 3,
            "height": 3
        }
    },
    {
        "id": "14",
        "type": "html",
        "url": "./htmlSnippets/cjs9/cjs9.html",
        "js": "./htmlSnippets/cjs9/cjs9.js",
        "gridstack": {
            "x": 3,
            "y": 9,
            "width": 3,
            "height": 3
        }
    },
    {
        "id": "15",
        "type": "vue",
        "url": "./component/singlefile1.txt",
        "gridstack": {
            "x": 6,
            "y": 9,
            "width": 3,
            "height": 3
        }
    },
    {
        "id": "16",
        "type": "vue",
        "url": "./component/singlefile2.txt",
        "gridstack": {
            "x": 9,
            "y": 9,
            "width": 3,
            "height": 3
        }
    },
    {
        "id": "17",
        "type": "vue",
        "url": "./component/singlefile3.txt",
        "gridstack": {
            "x": 0,
            "y": 12,
            "width": 3,
            "height": 3
        },
        "props": {
            "singlefile3str": "单文件组件3-字符串属性测试",
            "singlefile3obj": {
                "a": "单文件组件3-Object属性测试",
                "b": 114,
                "c": true
            }
        }
    },
    {
        "id": "18",
        "type": "vue",
        "url": "./component/singlefile4.txt",
        "gridstack": {
            "x": 3,
            "y": 12,
            "width": 3,
            "height": 3
        }
    },
    {
        "id": "19",
        "type": "iframe",
        "url": "./iframe/iframe1.html",
        "gridstack": {
            "x": 6,
            "y": 12,
            "width": 3,
            "height": 3
        }
    },
    {
        "id": "20",
        "type": "iframe",
        "url": "./iframe/iframe2.html",
        "gridstack": {
            "x": 9,
            "y": 12,
            "width": 3,
            "height": 3
        }
    }
]