[
    {
        "id": "1",
        "createUserName": "ddz1",
        "createDate": "2018-02-07",
        "formItems": [
            {
                "key": "1548245360016",
                "value": "红旗"
            },
            {
                "key": "1548245360017",
                "value": "H7"
            },
            {
                "key": "1548245360015",
                "value": "京A00001"
            },
            {
                "key": "1548245360018",
                "value": "2019-01-01"
            }
        ],
        "TableCode": "CarInfo"
    },
    {
        "id": "2",
        "createUserName": "ddz1",
        "createDate": "2018-02-08",
        "formItems": [
            {
                "key": "1548245360016",
                "value": "红旗"
            },
            {
                "key": "1548245360017",
                "value": "H5"
            },
            {
                "key": "1548245360015",
                "value": "京A00002"
            },
            {
                "key": "1548245360018",
                "value": "2019-02-01"
            }
        ],
        "TableCode": "CarInfo"
    },
    {
        "id": "3",
        "createUserName": "ddz1",
        "createDate": "2018-02-09",
        "formItems": [
            {
                "key": "1548245360016",
                "value": "红旗"
            },
            {
                "key": "1548245360017",
                "value": "L5"
            },
            {
                "key": "1548245360015",
                "value": "京A00003"
            },
            {
                "key": "1548245360018",
                "value": "2019-03-01"
            }
        ],
        "TableCode": "CarInfo"
    },
    {
        "id": "4",
        "createUserName": "ddz1",
        "createDate": "2018-02-10",
        "formItems": [
            {
                "key": "1548245360016",
                "value": "长城"
            },
            {
                "key": "1548245360017",
                "value": "哈弗H6"
            },
            {
                "key": "1548245360015",
                "value": "京A00004"
            },
            {
                "key": "1548245360018",
                "value": "2018-03-01"
            }
        ],
        "TableCode": "CarInfo"
    },
    {
        "id": "5",
        "createUserName": "ddz1",
        "createDate": "2018-02-09",
        "formItems": [
            {
                "key": "1548245360016",
                "value": "长城"
            },
            {
                "key": "1548245360017",
                "value": "哈弗H5"
            },
            {
                "key": "1548245360015",
                "value": "京A00005"
            },
            {
                "key": "1548245360018",
                "value": "2018-03-01"
            }
        ],
        "TableCode": "CarInfo"
    },
    {
        "id": "6",
        "createUserName": "ddz1",
        "createDate": "2018-03-09",
        "formItems": [
            {
                "key": "1548245360016",
                "value": "长城"
            },
            {
                "key": "1548245360017",
                "value": "哈弗H4"
            },
            {
                "key": "1548245360015",
                "value": "京A00006"
            },
            {
                "key": "1548245360018",
                "value": "2018-03-01"
            }
        ],
        "TableCode": "CarInfo"
    },
    {
        "id": "7",
        "createUserName": "ddz100",
        "createDate": "2018-06-06",
        "formItems": [
            {
                "key": "1557302039597",
                "value": "1"
            },
            {
                "key": "1557302039598",
                "value": 100
            },
            {
                "key": "1557302039599",
                "value": "喷漆"
            }
        ],
        "TableCode": "MaintenanceRecord"
    },
    {
        "id": "8",
        "createUserName": "ddz100",
        "createDate": "2018-08-06",
        "formItems": [
            {
                "key": "1557302039597",
                "value": "1"
            },
            {
                "key": "1557302039598",
                "value": 25
            },
            {
                "key": "1557302039599",
                "value": "洗车"
            }
        ],
        "TableCode": "MaintenanceRecord"
    },
    {
        "id": "9",
        "createUserName": "ddz101",
        "createDate": "2018-06-03",
        "formItems": [
            {
                "key": "1557302039597",
                "value": "2"
            },
            {
                "key": "1557302039598",
                "value": 1560
            },
            {
                "key": "1557302039599",
                "value": "换轮胎"
            }
        ],
        "TableCode": "MaintenanceRecord"
    },
    {
        "id": "10",
        "createUserName": "ddz102",
        "createDate": "2018-06-26",
        "formItems": [
            {
                "key": "1557302039597",
                "value": "3"
            },
            {
                "key": "1557302039598",
                "value": 36
            },
            {
                "key": "1557302039599",
                "value": "爆胎"
            }
        ],
        "TableCode": "MaintenanceRecord"
    },
    {
        "id": "11",
        "createUserName": "ddz103",
        "createDate": "2018-09-08",
        "formItems": [
            {
                "key": "1557302039597",
                "value": "3"
            },
            {
                "key": "1557302039598",
                "value": 1630
            },
            {
                "key": "1557302039599",
                "value": "换加速器"
            }
        ],
        "TableCode": "MaintenanceRecord"
    },
    {
        "id": "12",
        "createUserName": "ddz10",
        "createDate": "2018-06-06",
        "formItems": [
            {
                "key": "1557302467935",
                "value": "1"
            },
            {
                "key": "1557302467936",
                "value": 106
            },
            {
                "key": "1557302467937",
                "value": 50
            },
            {
                "key": "1557302467938",
                "value": "123"
            }
        ],
        "TableCode": "DispatchRecord"
    },
    {
        "id": "13",
        "createUserName": "ddz11",
        "createDate": "2018-06-16",
        "formItems": [
            {
                "key": "1557302467935",
                "value": "1"
            },
            {
                "key": "1557302467936",
                "value": 250
            },
            {
                "key": "1557302467937",
                "value": 100
            },
            {
                "key": "1557302467938",
                "value": "123"
            }
        ],
        "TableCode": "DispatchRecord"
    },
    {
        "id": "14",
        "createUserName": "ddz12",
        "createDate": "2018-06-16",
        "formItems": [
            {
                "key": "1557302467935",
                "value": "2"
            },
            {
                "key": "1557302467936",
                "value": 1000
            },
            {
                "key": "1557302467937",
                "value": 630
            },
            {
                "key": "1557302467938",
                "value": "2345sfgfg"
            }
        ],
        "TableCode": "DispatchRecord"
    },
    {
        "id": "15",
        "createUserName": "ddz12",
        "createDate": "2018-08-16",
        "formItems": [
            {
                "key": "1557302467935",
                "value": "3"
            },
            {
                "key": "1557302467936",
                "value": 1213
            },
            {
                "key": "1557302467937",
                "value": 569
            },
            {
                "key": "1557302467938",
                "value": "12asdfasdfasdf3"
            }
        ],
        "TableCode": "DispatchRecord"
    }
]